{
	"version": "2.0",
	"name": "spet.data.explorer.library-preload",
	"modules": {
		"spet/data/explorer/Graph.js": "sap.ui.define(\"spet/data/explorer/Graph\",[\"jquery.sap.global\",\"sap/ui/core/Control\",\"sap/ui/core/HTML\",\"sap/ui/Device\",\"sap/ui/thirdparty/d3\",\"sap/ui/core/theming/Parameters\"],function(t,e,r,n,i,a){\"use strict\";return e.extend(\"spet.data.explorer.Graph\",{metadata:{properties:{width:{type:\"sap.ui.core.CSSSize\",defaultValue:\"100%\"},height:{type:\"sap.ui.core.CSSSize\",defaultValue:\"100%\"},directed:{type:\"boolean\",defaultValue:!0}},aggregations:{_html:{type:\"sap.ui.core.HTML\",multiple:!1,visibility:\"hidden\"},nodes:{type:\"spet.data.explorer.Node\",multiple:!0},links:{type:\"spet.data.explorer.Link\",multiple:!0}},associations:{origins:{type:\"spet.data.explorer.Node\",multiple:!0}}},_force:null,_g:null,_size:{},init:function(){var e=this,i=new r({content:'<svg style=\"height:100%;width:100%\"/>'});this.setAggregation(\"_html\",i),i.attachAfterRendering(function(){e.draw(),t.sap.delayedCall(200,e,e.checkResize)}),n.resize.attachHandler(this.checkResize,this)},checkResize:function(){var e=this.getAggregation(\"_html\").getDomRef();return!e||this._size.height===e.clientHeight&&this._size.width===e.clientWidth||(this.draw(),t.sap.delayedCall(200,this,this.checkResize)),this},initialize:function(t){var e=void 0,r=function(){t.select(\"g.links\").selectAll(\"g.link\").selectAll(\"line\").attr(\"x1\",function(t){return t.source.x}).attr(\"y1\",function(t){return t.source.y}).attr(\"x2\",function(t){return t.target.x}).attr(\"y2\",function(t){return t.target.y}),t.select(\"g.links\").selectAll(\"g.link\").selectAll(\"text\").attr(\"transform\",function(t){return\"translate(\"+(t.source.x+t.target.x)/2+\",\"+(t.source.y+t.target.y)/2+\")\"}),t.select(\"g.nodes\").selectAll(\"g.node\").attr(\"transform\",function(t){return\"translate(\"+t.x+\",\"+t.y+\")\"})};this._force=i.layout.force().linkDistance(function(t){return t.element.getLabel()?150:100}).charge(-200).gravity(.05).on(\"tick\",r);var n=this._g=t.append(\"g\");n.append(\"g\").attr(\"class\",\"links\"),n.append(\"g\").attr(\"class\",\"nodes\"),t.append(\"svg:defs\").append(\"svg:marker\").attr(\"id\",\"arrow\").attr(\"refX\",7).attr(\"refY\",4.5).attr(\"markerWidth\",8).attr(\"markerHeight\",8).attr(\"orient\",\"auto\").append(\"svg:path\").attr(\"class\",\"link\").style(\"fill\",a.get(\"sapButton_BorderColor\")).attr(\"d\",\"M 0 7 L 3.5 4.5 L 0 2\"),e=i.behavior.zoom(),t.call(e.on(\"zoom\",function(){n.attr(\"transform\",\"translate(\"+i.event.translate+\") scale(\"+i.event.scale+\")\")}))},data:function(){var t={},e=void 0,r=this.getDirected(),n={},i=this.getLinks()||[],a=this.getOrigins()||[],l=this.getNodes()||[],o={nodes:[],links:[]};return function(){for(var e=0;e<l.length;++e)t[l[e].getId()]=l[e],n[l[e].getId()]=[];a=a.map(function(e){return t[e]}).filter(function(t){return!!t})}(),function(){var e=void 0;if(r)for(e=0;e<i.length;++e)t.hasOwnProperty(i[e].getSource())&&t.hasOwnProperty(i[e].getTarget())&&n[i[e].getSource()].push(t[i[e].getTarget()]);else for(e=0;e<i.length;++e)t.hasOwnProperty(i[e].getSource())&&t.hasOwnProperty(i[e].getTarget())&&(n[i[e].getSource()].push(t[i[e].getTarget()]),n[i[e].getTarget()].push(t[i[e].getSource()]))}(),e=function(t,e,r){var n,i,a,l={},o=e.slice(0);for(a=0;a<t.length;++a)l[t[a].getId()]=!1;for(;o.length;)if(n=o.shift(),i=n.getId(),l[i]=!0,n.getExpanded())for(a=0;a<r[i].length;++a)l[r[i][a].getId()]||o.push(r[i][a]);return l}(l,a,n),function(){var r=void 0;for(r=0;r<l.length;++r)e[l[r].getId()]&&o.nodes.push(l[r]);for(r=0;r<i.length;++r)e[i[r].getSource()]&&e[i[r].getTarget()]&&o.links.push({source:t[i[r].getSource()],target:t[i[r].getTarget()],element:i[r]})}(),o},draw:function(){var t=this,e=this.getAggregation(\"_html\").getDomRef();if(!e||!e.clientHeight||!e.clientWidth)return this;var r=void 0,n=void 0,l=i.svg.arc().innerRadius(2).outerRadius(4).startAngle(0).endAngle(2*Math.PI/3),o=function(){var t=i.interpolate(0,360);return function(e){return\"rotate(\"+t(e)+\")\"}},s=function t(){(this.transition?this:i.select(this)).filter(function(t){return t.getBusy()}).transition().duration(2e3).ease(\"linear\").attrTween(\"transform\",o).each(\"end\",t)};return function(){var l=t.data();t._size.height=e.clientHeight,t._size.width=e.clientWidth,e=i.select(e),null===t._g&&(t.initialize(e),e.style(\"background-color\",a.get(\"sapBackgroundColor\"))),t._force.size([t._size.width,t._size.height]).nodes(l.nodes).links(l.links).start(),r=e.select(\"g.links\").selectAll(\"g.link\").data(l.links,function(t){return t.target.getId()+\"-\"+t.source.getId()}),n=e.select(\"g.nodes\").selectAll(\"g.node\").data(l.nodes,function(t){return t.getId()})}(),function(){r.select(\"text\").text(function(t){return t.element.getLabel()});var e=r.enter().append(\"g\").attr(\"class\",\"link\");e.append(\"line\").style(\"stroke-width\",a.get(\"sapButton_BorderWidth\")).style(\"stroke\",a.get(\"sapButton_BorderColor\")),e.append(\"text\").attr(\"text-anchor\",\"middle\").text(function(t){return t.element.getLabel()}).style(\"font\",a.get(\"sapUiFontSmallSize\")+\" \"+a.get(\"sapUiFontCondensedFamily\")).style(\"color\",a.get(\"sapTextColor\")).attr({\"paint-order\":\"stroke\",stroke:a.get(\"sapBackgroundColor\"),\"stroke-width\":2,\"stroke-linecap\":\"butt\",\"stroke-linejoin\":\"miter\"}),t.getDirected()&&e.filter(function(t){return!t.target.getLabelOnly()}).attr(\"marker-end\",\"url(#arrow)\"),r.exit().remove()}(),function(){n.select(\"circle\").style(\"fill\",function(t){return a.get(t.getExpanded()?\"sapBackgroundColor\":\"sapSelectedColor\")}),n.select(\"text\").attr(\"dy\",function(t){return t.getLabelOnly()?0:7}).attr(\"alignment-baseline\",function(t){return t.getLabelOnly()?\"middle\":\"hanging\"}).text(function(t){return t.getLabel()}),n.select(\"title\").text(function(t){return t.getTooltip()}),n.filter(function(t){return!t.getBusy()}).selectAll(\"path.busy\").remove(),n.filter(function(t){return t.getBusy()&&i.select(this).selectAll(\"path.busy\").empty()}).append(\"path\").attr(\"d\",l).attr(\"class\",\"busy\").attr(\"fill\",a.get(\"sapSelectedColor\")).call(s);var e=n.enter().append(\"g\").attr(\"class\",\"node\").on(\"mousedown\",function(){return i.event.stopPropagation()}).on(\"click\",function(t){i.event.defaultPrevented||t.getLabelOnly()||!t.getExpandable()||t.getBusy()||(t.setExpanded(!t.getExpanded()),t.fireEvent(\"expand\"))}).on(\"contextmenu\",function(t){t.fireEvent(\"detail\",{dom:this}),i.event.preventDefault()}).call(t._force.drag);e.filter(function(t){return!t.getLabelOnly()}).append(\"circle\").style(\"fill\",function(t){return a.get(t.getExpanded()?\"sapBackgroundColor\":\"sapSelectedColor\")}).style(\"stroke\",a.get(\"sapButton_BorderColor\")).style(\"stroke-width\",a.get(\"sapButton_BorderWidth\")).attr(\"r\",4.5),e.append(\"text\").attr(\"dy\",function(t){return t.getLabelOnly()?0:7}).attr(\"alignment-baseline\",function(t){return t.getLabelOnly()?\"middle\":\"hanging\"}).attr(\"text-anchor\",\"middle\").text(function(t){return t.getLabel()}).style(\"font\",a.get(\"sapUiFontSmallSize\")+\" \"+a.get(\"sapUiFontCondensedFamily\")).style(\"color\",a.get(\"sapTextColor\")).attr({\"paint-order\":\"stroke\",stroke:a.get(\"sapBackgroundColor\"),\"stroke-width\":2,\"stroke-linecap\":\"butt\",\"stroke-linejoin\":\"miter\"}),e.append(\"title\").text(function(t){return t.getTooltip()}),e.filter(function(t){return t.getBusy()}).append(\"path\").attr(\"d\",l).attr(\"class\",\"busy\").attr(\"fill\",a.get(\"sapSelectedColor\")).call(s),n.exit().remove()}(),this},renderer:function(t,e){t.write(\"<div\"),t.writeControlData(e),t.addStyle(\"height\",e.getHeight()),t.addStyle(\"width\",e.getWidth()),t.writeStyles(),t.write(\">\"),t.renderControl(e.getAggregation(\"_html\")),t.write(\"</div>\")}})});",
		"spet/data/explorer/KeyLink.js": "sap.ui.define(\"spet/data/explorer/KeyLink\",[\"spet/data/explorer/Link\"],function(t){\"use strict\";return t.extend(\"spet.data.explorer.KeyLink\",{metadata:{properties:{sourceKey:{type:\"string\",defaultValue:\"\"},targetKey:{type:\"string\",defaultValue:\"\"}}},findNodeByKey:function(t,e){for(var s=t.getNodes()||[],r=0;r<s.length;++r)if(s[r].getKey&&s[r].getKey()===e)return s[r];return null},setSourceKey:function(t){this.setProperty(\"sourceKey\",t),this.setAssociation(\"source\",null)},setTargetKey:function(t){this.setProperty(\"targetKey\",t),this.setAssociation(\"target\",null)},getSource:function(){var t=this.getAssociation(\"source\");return t||(this.getParent()?(t=this.findNodeByKey(this.getParent(),this.getSourceKey()),this.setAssociation(\"source\",t),t?t.getId():null):null)},getTarget:function(){var t=this.getAssociation(\"target\");return t||(this.getParent()?(t=this.findNodeByKey(this.getParent(),this.getTargetKey()),this.setAssociation(\"target\",t),t?t.getId():null):null)}})});",
		"spet/data/explorer/KeyNode.js": "sap.ui.define(\"spet/data/explorer/KeyNode\",[\"spet/data/explorer/Node\"],function(e){\"use strict\";return e.extend(\"spet.data.explorer.KeyNode\",{metadata:{properties:{key:{type:\"string\",defaultValue:\"\"},origin:{type:\"boolean\",defaultValue:!1}}},setParent:function(t){e.prototype.setParent.apply(this,[t]),this.update()},setOrigin:function(e){this.setProperty(\"origin\",e),this.update()},update:function(){this.getParent()&&(this.getOrigin()?this.getParent().addOrigin(this):this.getParent().removeOrigin(this))}})});",
		"spet/data/explorer/library.js": "sap.ui.define(\"spet/data/explorer/library\",[],function(){\"use strict\";return function(){return sap.ui.getCore().initLibrary({name:\"spet.data.explorer\",dependencies:[\"sap.ui.core\"],version:\"0.9.3\",types:[],interfaces:[],controls:[\"spet.data.explorer.Graph\",\"spet.data.explorer.KeyNode\",\"spet.data.explorer.MetadataExplorer\",\"spet.data.explorer.Node\",\"spet.data.explorer.ODataExplorer\",\"spet.data.explorer.ODataNode\"],elements:[\"spet.data.explorer.KeyLink\",\"spet.data.explorer.Link\",\"spet.data.explorer.ODataLink\"],noLibraryCSS:!0}),spet.data.explorer}()});",
		"spet/data/explorer/Link.js": "sap.ui.define(\"spet/data/explorer/Link\",[\"sap/ui/core/Element\"],function(e){\"use strict\";return e.extend(\"spet.data.explorer.Link\",{metadata:{properties:{label:{type:\"string\",defaultValue:\"\"}},associations:{source:{type:\"spet.data.explorer.Node\",multiple:!1},target:{type:\"spet.data.explorer.Node\",multiple:!1}}}})});",
		"spet/data/explorer/MetadataExplorer.js": "function _toConsumableArray(e){if(Array.isArray(e)){for(var t=0,a=Array(e.length);t<e.length;t++)a[t]=e[t];return a}return Array.from(e)}sap.ui.define(\"spet/data/explorer/MetadataExplorer\",[\"jquery.sap.global\",\"sap/ui/core/Control\",\"sap/ui/core/Component\",\"sap/ui/model/odata/AnnotationHelper\",\"spet/data/explorer/Graph\",\"spet/data/explorer/KeyNode\",\"spet/data/explorer/KeyLink\"],function(e,t,a,r,n,i,o){\"use strict\";return t.extend(\"spet.data.explorer.MetadataExplorer\",{metadata:{properties:{width:{type:\"sap.ui.core.CSSSize\",defaultValue:\"100%\"},height:{type:\"sap.ui.core.CSSSize\",defaultValue:\"100%\"},origins:{type:\"string[]\",defaultValue:[]},modelName:{type:\"string\",defaultValue:void 0}},aggregations:{_graph:{type:\"spet.data.explorer.Graph\",multiple:!1,visibility:\"hidden\"}},events:{detail:{dom:{type:\"object\"},entityType:{type:\"string\"}}}},init:function(){var e=this;this.setAggregation(\"_graph\",new n({directed:!1})),this.attachModelContextChange(function(){var t=e.getModelName(),r=a.getOwnerComponentFor(e),n=e.getModel(t)||r&&r.getModel(t);n&&e.build(n)})},build:function(t){var a=this,n=t&&t.getMetaModel(),d=function(e){var t=n.createBindingContext(e+\"/com.sap.vocabularies.Common.v1.Label\");return t&&r.format(t)||n.getProperty(e+\"/name\")},p=function(e){return e.namespace+\".\"+e.name};n.loaded().then(function(){var t,r,s=n.getProperty(\"/dataServices/schema\")||[],g=(t=[]).concat.apply(t,_toConsumableArray(e.map(s,function(e){return e.entityType||[]}))),l=(r=[]).concat.apply(r,_toConsumableArray(e.map(s,function(e){return e.association||[]}))),u=a.getAggregation(\"_graph\");u.removeAllNodes(),u.removeAllLinks(),e.each(g,function(e,t){return u.addNode(new i({key:p(t),label:d(n.getODataEntityType(p(t),!0))}))}),e.each(l,function(e,t){return u.addLink(new o({sourceKey:t.end[0].type,targetKey:t.end[1].type}))}),a.updateOrigins()})},setOrigins:function(e){this.setProperty(\"origins\",e),this.updateOrigins()},updateOrigins:function(){var t=this.getOrigins()||[],a=this.getAggregation(\"_graph\");t.length?e.each(a.getNodes()||[],function(e,a){a.setOrigin(t.indexOf(a.getKey())>=0),a.setExpanded(!1),a.setExpandable(!0)}):e.each(a.getNodes()||[],function(e,t){t.setOrigin(!0),t.setExpanded(!0),t.setExpandable(!1)})},renderer:function(e,t){e.write(\"<div\"),e.writeControlData(t),e.addStyle(\"height\",t.getHeight()),e.addStyle(\"width\",t.getWidth()),e.writeStyles(),e.write(\">\"),e.renderControl(t.getAggregation(\"_graph\")),e.write(\"</div>\")}})});",
		"spet/data/explorer/Node.js": "sap.ui.define(\"spet/data/explorer/Node\",[\"sap/ui/core/Control\"],function(e){\"use strict\";return e.extend(\"spet.data.explorer.Node\",{metadata:{properties:{label:{type:\"string\",defaultValue:\"\"},expanded:{type:\"boolean\",defaultValue:!0},expandable:{type:\"boolean\",defaultValue:!0},labelOnly:{type:\"boolean\",defaultValue:!1}},events:{expand:{},detail:{dom:{type:\"object\"}}}},setBusy:function(e){this.setProperty(\"busy\",e)}})});",
		"spet/data/explorer/ODataExplorer.js": "function _toConsumableArray(e){if(Array.isArray(e)){for(var t=0,n=Array(e.length);t<e.length;t++)n[t]=e[t];return n}return Array.from(e)}sap.ui.define(\"spet/data/explorer/ODataExplorer\",[\"jquery.sap.global\",\"sap/ui/core/Control\",\"sap/ui/core/Component\",\"sap/ui/model/odata/AnnotationHelper\",\"spet/data/explorer/Graph\",\"spet/data/explorer/ODataNode\",\"spet/data/explorer/ODataLink\"],function(e,t,n,a,r,i,o){\"use strict\";return t.extend(\"spet.data.explorer.ODataExplorer\",{metadata:{properties:{width:{type:\"sap.ui.core.CSSSize\",defaultValue:\"100%\"},height:{type:\"sap.ui.core.CSSSize\",defaultValue:\"100%\"},path:{type:\"string\",defaultValue:\"\"},modelName:{type:\"string\",defaultValue:void 0},growingThreshold:{type:\"int\",defaultValue:20}},aggregations:{_graph:{type:\"spet.data.explorer.Graph\",multiple:!1,visibility:\"hidden\"}},events:{addEntity:{entityPath:{type:\"string\"},node:{type:\"spet.data.explorer.Node\"}},addNavigation:{navigationName:{type:\"string\"},entityPath:{type:\"string\"}},detailEntity:{dom:{type:\"object\"},entityPath:{type:\"string\"}},detailNavigation:{dom:{type:\"object\"},navigationName:{type:\"string\"},entityPath:{type:\"string\"}}}},_modelPromise:null,_link:function(e,t,n,a){var r=new o({sourceKey:t,targetKey:n,label:a||\"\"});return e.addLink(r),r},_aggregation:function(t,n,a,r,d){var g=this,l=a+\"/\"+r,s=t.bindList(l).initialize(),u=0,p=this.getGrowingThreshold(),h=new e.Deferred,y=void 0,c=void 0,v=function(e){return e&&g._link(n,l,e.getKey())},m=function(){var e=new i({key:l,expanded:!0,label:d,entity:a});e.attachEvent(\"detail\",function(e){g.fireEvent(\"detailNavigation\",{dom:e.getParameter(\"dom\"),entityPath:a,navigationName:r})}),n.addNode(e),h.resolve(e)},f=function(a){e.each(a,function(e,a){return g._entity(t,n,a.getPath(),!1).then(v)})},x=function(e){if(y&&(y.setBusy(!1),n.removeNode(y),n.removeLink(c)),(u+=p)<e){var t=l+\"/__more\";y=new i({key:t,label:sap.ui.getCore().getLibraryResourceBundle(\"sap.m\").getText(\"LOAD_MORE_DATA\"),expanded:!1,entity:a,expand:P}),c=new o({sourceKey:l,targetKey:t}),n.addNode(y),n.addLink(c)}},w=function(){var e=s.getLength();e?(0===u&&m(),f(s.getContexts(u,p)),x(e)):(s.destroy(),h.resolve())},P=function(){var e=s.getContexts(u,p);e&&!e.dataRequested?w():y&&y.setBusy(!0)};return s.attachDataReceived(w),P(),h.promise()},_entity:function(t,n,r,o){var d=this,g=t&&t.getMetaModel(),l=new e.Deferred,s=function(){var e=g.getMetaContext(r),t=e.getPath()+\"/com.sap.vocabularies.UI.v1.HeaderInfo/Title\",n=g.createBindingContext(t);return n&&a.format(n)||e.getProperty(\"name\")},u=function(e,t){return e&&d._link(n,r,e.getKey(),t)},p=function(e,t){var n=t+\"/com.sap.vocabularies.Common.v1.Label\",r=g.createBindingContext(n);return r&&a.format(r)||g.getProperty(t+\"/name\")},h=function(a,i,o){var g=d._entity(t,n,r+\"/\"+a,!1);return e.when(g,o).then(function(e){return u(e,i)}),g},y=function(a){var i=g.getMetaContext(r),o=i.getPath(),l=i.getObject(),s=new e.Deferred,y=a.getSource(),c=e.map(l.navigationProperty||[],function(a,i){var y=g.getODataAssociationEnd(l,a.name),c=p(a.name,o+\"/navigationProperty/\"+i),v=void 0;return d.fireEvent(\"addNavigation\",{entityPath:r,navigationName:a.name},!0)?y.multiplicity.indexOf(\"*\")>=0?(v=d._aggregation(t,n,r,a.name,c),e.when(v,s).then(u)):v=h(a.name,c,s):v=e.when(),v});e.when.apply(e,_toConsumableArray(c)).then(function(){return s.resolve()}),y.setBusy(!0),s.then(function(){return y.setBusy(!1)})},c=function(e,t){r=t.getPath(),e.setKey(r),e.setEntity(r),d.fireEvent(\"addEntity\",{entityPath:r,node:e},!0)?(n.addNode(e),l.resolve(e)):l.resolve()},v=function(){var e=new i({origin:o||!1,label:s(),expanded:!1});e.bindElement(r),e.setModel(t),e.attachEventOnce(\"expand\",y),e.attachEvent(\"detail\",function(e){d.fireEvent(\"detailEntity\",{dom:e.getParameter(\"dom\"),entityPath:r})});var n=e.getElementBinding(),a=function(){var t=n.getBoundContext();return!!n.getBoundContext()&&(c(e,t),!0)};a()||n.attachEventOnce(\"dataReceived\",function(){a()||l.resolve()})};return g&&g.loaded().then(v),l.promise()},init:function(){var t=this,a=new e.Deferred;this._modelPromise=a.promise(),this.setAggregation(\"_graph\",new r({directed:!0})),this.attachModelContextChange(function(){var e=t.getModelName(),r=n.getOwnerComponentFor(t),i=t.getModel(e)||r&&r.getModel(e);i&&a.resolve(i)})},setPath:function(e){var t=this,n=this.getAggregation(\"_graph\");return n.removeAllAggregation(\"nodes\"),n.removeAllAggregation(\"links\"),this.setProperty(\"path\",e),this._modelPromise.then(function(a){return t._entity(a,n,e,!0)}),this},renderer:function(e,t){e.write(\"<div\"),e.writeControlData(t),e.addStyle(\"height\",t.getHeight()),e.addStyle(\"width\",t.getWidth()),e.writeStyles(),e.write(\">\"),e.renderControl(t.getAggregation(\"_graph\")),e.write(\"</div>\")}})});",
		"spet/data/explorer/ODataLink.js": "sap.ui.define(\"spet/data/explorer/ODataLink\",[\"spet/data/explorer/KeyLink\",\"spet/data/explorer/ODataNode\"],function(t,e){\"use strict\";return t.extend(\"spet.data.explorer.ODataLink\",{metadata:{},getSourceEntity:function(){return this.getEntity(this.getSource())},getTargetEntity:function(){return this.getEntity(this.getTarget())},getEntity:function(t){var n=sap.ui.getCore().byId(t);return n&&n instanceof e?n.getEntity():null}})});",
		"spet/data/explorer/ODataNode.js": "sap.ui.define(\"spet/data/explorer/ODataNode\",[\"spet/data/explorer/KeyNode\"],function(e){\"use strict\";return e.extend(\"spet.data.explorer.ODataNode\",{metadata:{properties:{entity:{type:\"string\",defaultValue:\"\"}}}})});"
	}
}